D;SP500;AAPL;AMZN;FB;GOOGL;KO;MS;MSFT;NFLX;XOM,,,,,,,,,,
11/11/2019;3087,01001;65,550003;1771,650024;189,610001;1298,280029;51,84;49,09;146,110001;294,179993;70,339996
12/11/2019;3091,840088;65,489998;1778;194,470001;1297,209961;51,709999;49,009998;147,070007;292,01001;69,370003,
13/11/2019;3094,040039;66,1175;1753,109985;193,190002;1296,180054;52,41;48,389999;147,309998;283,109985;68,800003
14/11/2019;3096,629883;65,660004;1754,599976;193,149994;1309,150024;52,630001;48,610001;148,059998;289,619995;68,5
15/11/2019;3120,459961;66,440002;1739,48999;195,100006;1333,540039;52,669998;48,990002;149,970001;295,029999;69,190002
18/11/2019;3122,030029;66,775002;1752,530029;197,399994;1319,839966;53,029999;49,029999;150,339996;302,570007;68,519997
19/11/2019;3120,179932;66,572502;1752,790039;199,320007;1312,589966;53,080002;49,330002;150,389999;302,600006;67,82
20/11/2019;3108,459961;65,797501;1745,530029;197,509995;1301,859985;53,220001;49,099998;149,619995;305,160004;68,29999
21/11/2019;3103,540039;65,502502;1734,709961;197,929993;1300,140015;52,959999;48,84;149,479996;311,690002;69,669998
22/11/2019;3110,290039;65,445;1745,719971;198,820007;1293,670044;53,029999;49,25;149,589996;310,480011;69,370003
25/11/2019;3133,639893;66,592499;1773,839966;199,789993;1305,640015;53,220001;49,959999;151,229996;315,549988;68,910004
26/11/2019;3140,52002;66,072502;1796,939941;198,970001;1313;53,900002;49,41;152,029999;312,48999;68,739998,
27/11/2019;3153,629883;66,959999;1818,51001;202;1312,130005;53,950001;49,779999;152,320007;315,929993;68,699997,
29/11/2019;3140,97998;66,8125;1800,800049;201,639999;1304,089966;53,400002;49,48;151,380005;314,660004;68,129997
2/12/2019;3113,870117;66,040001;1781,599976;199,699997;1288,859985;53,75;49,080002;149,550003;309,98999;68,419998
3/12/2019;3093,199951;64,862503;1769,959961;198,820007;1294,73999;53,799999;48,110001;149,309998;306,160004;67,879997
4/12/2019;3112,76001;65,434998;1760,689941;198,710007;1318,939941;54,290001;48,84;149,850006;304,320007;68,650002
5/12/2019;3117,429932;66,394997;1740,47998;199,360001;1326,959961;54,189999;49,07;149,929993;302,859985;68,410004
6/12/2019;3145,909912;67,677498;1751,599976;201,050003;1339,390015;54,419998;49,799999;151,75;307,350006;69,510002
9/12/2019;3135,959961;66,730003;1749,51001;201,339996;1342,98999;54,07;49,599998;151,360001;302,5;69,660004
10/12/2019;3132,52002;67,120003;1739,209961;200,869995;1342,890015;53,77;49,669998;151,130005;293,119995;69,59998
11/12/2019;3141,629883;67,692497;1748,719971;202,259995;1344,25;53,950001;49,450001;151,699997;298,929993;68,959999
12/12/2019;3168,570068;67,864998;1760,329956;196,75;1348,48999;54,139999;50,689999;153,240005;298,440002;70,339996
13/12/2019;3168,800049;68,787498;1760,939941;194,110001;1346,869995;54,419998;50,240002;154,529999;298,5;69,230003
16/12/2019;3191,449951;69,964996;1769,209961;197,919998;1360,699951;54,419998;50,720001;155,529999;304,209991;70,
17/12/2019;3192,52002;70,102501;1790,660034;198,389999;1354,890015;54,419998;50,900002;154,690002;315,480011;69,68
18/12/2019;3191,139893;69,934998;1784,030029;202,5;1351,910034;53,91;50,66;154,369995;320,799988;69,870003
19/12/2019;3205,370117;70,004997;1792,280029;206,059998;1356,439941;54,32;50,860001;155,710007;332,220001;69,389999
20/12/2019;3221,219971;69,860001;1786,5;206,300003;1351,219971;54,970001;50,689999;157,410004;336,899994;69,940002
23/12/2019;3224,01001;71;1793;206,179993;1350,630005;54,91;50,720001;157,410004;333,100006;70,290001,,
24/12/2019;3223,379883;71,067497;1789,209961;205,119995;1344,430054;54,709999;50,689999;157,380005;333,200012;70,19997
26/12/2019;3239,909912;72,477501;1868,77002;207,789993;1362,469971;55,02;51,110001;158,669998;332,630005;70,129997
27/12/2019;3240,02002;72,449997;1869,800049;208,100006;1354,640015;55,349998;51,09;158,960007;329,089996;69,889999
30/12/2019;3221,290039;72,879997;1846,890015;204,410004;1339,709961;55,27;50,959999;157,589996;323,309998;69,480003
31/12/2019;3230,780029;73,412498;1847,839966;205,25;1339,390015;55,349998;51,119999;157,699997;323,570007;69,779999
2/1/2020;3257,850098;75,087502;1898,01001;209,779999;1368,680054;54,990002;52,040001;160,619995;329,809998;70,900002
3/1/2020;3234,850098;74,357498;1874,969971;208,669998;1361,52002;54,689999;51,200001;158,619995;325,899994;70,330002
6/1/2020;3246,280029;74,949997;1902,880005;212,600006;1397,810059;54,669998;51,02;159,029999;335,829987;70,870003
7/1/2020;3237,179932;74,597504;1906,859985;213,059998;1395,109985;54,25;50,919998;157,580002;330,75;70,290001
8/1/2020;3253,050049;75,797501;1891,969971;215,220001;1405,040039;54,349998;51,57;160,089996;339,26001;69,230003
9/1/2020;3274,699951;77,407501;1901,050049;218,300003;1419,790039;55,34;52,060001;162,089996;335,660004;69,760002
10/1/2020;3265,350098;77,582497;1883,160034;218,059998;1428,959961;55,529999;52,209999;161,339996;329,049988;69,139999
13/1/2020;3288,129883;79,239998;1891,300049;221,910004;1440,030029;56,130001;52,779999;163,279999;338,920013;69,800003
14/1/2020;3283,149902;78,169998;1869,439941;219,059998;1430,589966;56;52,860001;162,130005;338,690002;69,199997,
15/1/2020;3289,290039;77,834999;1862,02002;221,149994;1439,199951;56,700001;52,939999;163,179993;339,070007;69,89996
16/1/2020;3316,810059;78,809998;1877,939941;221,770004;1450,160034;56,82;56,439999;166,169998;338,619995;68,82
17/1/2020;3329,620117;79,682503;1864,719971;222,139999;1479,52002;56,939999;57,509998;167,100006;339,670013;68,559998
21/1/2020;3320,790039;79,142502;1892;221,440002;1482,25;57,169998;55,919998;166,5;338,109985;67,580002,
22/1/2020;3321,75;79,425003;1887,459961;221,320007;1483,869995;57,610001;55,860001;165,699997;326;67,190002,
23/1/2020;3325,540039;79,807503;1884,579956;219,759995;1484,689941;57,830002;55,529999;166,720001;349,600006;66,769997
24/1/2020;3295,469971;79,577499;1861,640015;217,940002;1466,170044;57,68;54,549999;165,039993;353,160004;66,32
27/1/2020;3243,629883;77,237503;1828,339966;214,869995;1431,72998;57,48;53,110001;162,279999;342,880005;64,739998
28/1/2020;3276,23999;79,422501;1853,25;217,789993;1450,5;57,009998;54,02;165,460007;348,519989;64,650002
29/1/2020;3273,399902;81,084999;1858;223,229996;1456,699951;57,009998;53,68;168,039993;343,160004;64,110001,
30/1/2020;3283,659912;80,967499;1870,680054;209,529999;1454,25;58,860001;53,82;172,779999;347,73999;64,790001
31/1/2020;3225,52002;77,377502;2008,719971;201,910004;1432,780029;58,400002;52,259998;170,229996;345,089996;62,119999
3/2/2020;3248,919922;77,165001;2004,199951;204,190002;1482,599976;58,580002;52,599998;174,380005;358;60,73,
4/2/2020;3297,590088;79,712502;2049,669922;209,830002;1445,410034;58,84;54,02;180,119995;369,01001;59,970001
5/2/2020;3334,689941;80,362503;2039,869995;210,110001;1446,050049;58,849998;54,990002;179,899994;369,670013;62,73
6/2/2020;3345,780029;81,302498;2050,22998;210,850006;1475,969971;58,990002;55,009998;183,630005;366,950012;61,880001
7/2/2020;3327,709961;80,0075;2079,280029;212,330002;1479,109985;59,189999;55,029999;183,889999;366,769989;61,470001
10/2/2020;3352,090088;80,387497;2133,909912;213,059998;1508,660034;59,75;55,349998;188,699997;371,070007;59,959999
11/2/2020;3357,75;79,902496;2150,800049;207,190002;1510,060059;59,59;55,779999;184,440002;373,690002;60,529999
12/2/2020;3379,449951;81,800003;2160;210,759995;1518,630005;59,41;56,18;184,710007;380,01001;61,27,
13/2/2020;3373,939941;81,217499;2149,870117;213,139999;1513,390015;59,610001;55,93;183,710007;381,399994;60,93
14/2/2020;3380,159912;81,237503;2134,870117;214,179993;1518,72998;59,950001;55,84;185,350006;380,399994;60,650002
18/2/2020;3370,290039;79,75;2155,669922;217,800003;1519,439941;59,529999;55,52;187,229996;387,779999;59,880001
19/2/2020;3386,149902;80,904999;2170,219971;217,490005;1524,869995;59,77;56,310001;187,279999;386,190002;60,34
20/2/2020;3373,22998;80,074997;2153,100098;214,580002;1516,98999;59,720001;53,75;184,419998;386;59,860001,
21/2/2020;3337,75;78,262497;2095,969971;210,179993;1483,459961;60,130001;52,419998;178,589996;380,070007;59,130001
24/2/2020;3225,889893;74,544998;2009,290039;200,720001;1419,859985;58,650002;49,68;170,889999;368,700012;56,360001
25/2/2020;3128,209961;72,019997;1972,73999;196,770004;1386,319946;57,82;48,029999;168,070007;360,089996;54,200001
26/2/2020;3116,389893;73,162498;1979,589966;197,199997;1390,469971;57,599998;47,240002;170,169998;379,23999;53,9998
27/2/2020;2978,76001;68,379997;1884,300049;189,75;1314,949951;54,93;45,41;158,179993;371,709991;49,82
28/2/2020;2954,219971;68,339996;1883,75;192,470001;1339,25;53,490002;45,029999;162,009995;369,029999;51,439999
2/3/2020;3090,22998;74,702499;1953,949951;196,440002;1386,319946;55,919998;46,48;172,789993;381,049988;53,880001
3/3/2020;3003,370117;72,330002;1908,98999;185,889999;1337,719971;56,060001;44,400002;164,509995;368,769989;51,299999
4/3/2020;3130,120117;75,684998;1975,829956;191,759995;1381,599976;58,919998;45,240002;170,550003;383,790009;52,419998
5/3/2020;3023,939941;73,230003;1924,030029;185,169998;1314,76001;56,740002;42,59;166,270004;372,779999;50,110001
6/3/2020;2972,370117;72,2575;1901,089966;181,089996;1295,73999;55,259998;41,84;161,570007;368,970001;47,689999
9/3/2020;2746,560059;66,542503;1800,609985;169,5;1215,790039;51,860001;37,5;150,619995;346,48999;41,860001
10/3/2020;2882,22998;71,334999;1891,819946;178,190002;1275,170044;53,66;39,5;160,919998;364,130005;43,41
11/3/2020;2741,379883;68,857498;1820,859985;170,240005;1210,900024;52,209999;36,869999;153,630005;349,920013;41,98
12/3/2020;2480,639893;62,057499;1676,609985;154,470001;1111,550049;47,16;31,309999;139,059998;315,25;37,18
13/3/2020;2711,02002;69,4925;1785;170,279999;1214,27002;48,470001;37,5;158,830002;336,299988;38,119999,
16/3/2020;2386,129883;60,552502;1689,150024;146,009995;1073;45,259998;31,65;135,419998;298,839996;34,490002,
17/3/2020;2529,189941;63,215;1807,839966;149,419998;1118,060059;47,18;33,790001;146,570007;319,75;36,810001
18/3/2020;2398,100098;61,6675;1830;146,960007;1091,189941;44,849998;30,75;140,399994;315,470001;33,119999,
19/3/2020;2409,389893;61,195;1880,930054;153,130005;1111,670044;41,830002;30,92;142,710007;332,029999;34,43
20/3/2020;2304,919922;57,310001;1846,089966;149,729996;1068,209961;38,299999;29,67;137,350006;332,829987;32,740002
23/3/2020;2237,399902;56,092499;1902,829956;148,100006;1054,130005;37,560001;27,809999;135,979996;360,269989;31,450001
24/3/2020;2447,330078;61,720001;1940,099976;160,979996;1130,01001;39,450001;33,220001;148,339996;357,320007;35,439999
25/3/2020;2475,560059;61,380001;1885,839966;156,210007;1101,619995;41,610001;33,990002;146,919998;342,390015;37,290001
26/3/2020;2630,070068;64,610001;1955,48999;163,339996;1162,920044;44,290001;35,709999;156,110001;362,98999;38,82
27/3/2020;2541,469971;61,935001;1900,099976;156,789993;1110,26001;42,810001;34,009998;149,699997;357,119995;36,950001
30/3/2020;2626,649902;63,702499;1963,949951;165,949997;1146,310059;45;34,84;160,229996;370,959991;37,5,
31/3/2020;2584,590088;63,572498;1949,719971;166,800003;1161,949951;44,25;34;157,710007;375,5;37,970001,
1/4/2020;2470,5;60,227501;1907,699951;159,600006;1102,099976;42,119999;31,620001;152,110001;364,079987;37,529999
2/4/2020;2526,899902;61,232498;1918,829956;158,190002;1117,030029;43,950001;33,900002;155,259995;370,079987;40,400002
3/4/2020;2488,649902;60,352501;1906,589966;154,179993;1092,699951;43,830002;33,849998;153,830002;361,76001;39,209999
6/4/2020;2663,679932;65,6175;1997,589966;165,550003;1183,189941;46,669998;37,009998;165,270004;379,959991;40,470001
7/4/2020;2659,409912;64,857498;2011,599976;168,830002;1182,560059;46,509998;36,939999;163,490005;372,279999;41,240002
8/4/2020;2749,97998;66,517502;2043;174,279999;1207;47,82;39,369999;165,130005;371,119995;43,849998,,
9/4/2020;2789,820068;66,997498;2042,76001;175,190002;1206,569946;49;41,080002;165,139999;370,720001;43,130001,
13/4/2020;2761,629883;68,3125;2168,870117;174,789993;1210,410034;46,93;39,580002;165,509995;396,720001;42,759998
14/4/2020;2846,060059;71,762497;2283,320068;178,169998;1265,22998;48,919998;39,860001;173,699997;413,549988;42,43
15/4/2020;2783,360107;71,107498;2307,679932;176,970001;1257,300049;47,610001;38,400002;171,880005;426,75;40,48
16/4/2020;2799,550049;71,672501;2408,189941;176,25;1257,430054;47,099998;38,360001;177,039993;439,170013;39,150002
17/4/2020;2874,560059;70,699997;2375;179,240005;1279;48,060001;39,09;178,600006;422,959991;43,220001,,
20/4/2020;2823,159912;69,232498;2393,610107;178,240005;1261,150024;46,529999;38,360001;175,059998;437,48999;41,18
21/4/2020;2736,560059;67,092499;2328,120117;170,800003;1212,160034;45,380001;36,950001;167,820007;433,829987;40,959999
22/4/2020;2799,310059;69,025002;2363,48999;182,279999;1258,410034;45,68;37,810001;173,520004;421,420013;42,130001
23/4/2020;2797,800049;68,7575;2399,449951;185,130005;1271,170044;45,07;37,470001;171,419998;426,700012;43,450001
24/4/2020;2836,73999;70,7425;2410,219971;190,070007;1276,599976;45,43;37,970001;174,550003;424,98999;43,73
27/4/2020;2878,47998;70,792503;2376;187,5;1270,859985;46,779999;39,310001;174,050003;421,380005;43,939999,
28/4/2020;2863,389893;69,644997;2314,080078;182,910004;1232,589966;46,740002;40,130001;169,809998;403,829987;44,970001
29/4/2020;2939,51001;71,932503;2372,709961;194,190002;1342,180054;47,119999;40,790001;177,429993;411,890015;47,459999
30/4/2020;2912,429932;73,449997;2474;204,710007;1346,699951;45,889999;39,43;179,210007;419,850006;46,470001,
1/5/2020;2830,709961;72,267502;2286,040039;202,270004;1317,319946;45,599998;38,400002;174,570007;415,269989;43,139999
4/5/2020;2842,73999;73,290001;2315,98999;205,259995;1322,900024;45,139999;38,09;178,839996;428,149994;44,880001
5/5/2020;2868,439941;74,389999;2317,800049;207,070007;1349,02002;45,400002;37,98;180,759995;424,679993;44,830002
6/5/2020;2848,419922;75,157501;2351,26001;208,470001;1345,430054;44,75;37,299999;182,539993;434,26001;43,990002
7/5/2020;2881,189941;75,934998;2367,610107;211,259995;1369,280029;44,599998;38,810001;183,600006;436,529999;44,240002
8/5/2020;2929,800049;77,532501;2379,610107;212,350006;1384,339966;46,110001;40,080002;184,679993;435,549988;46,18
11/5/2020;2930,189941;78,752502;2409;213,179993;1403,589966;45,540001;39,830002;186,740005;440,519989;45,740002,
12/5/2020;2870,120117;77,852501;2356,949951;210,100006;1375,180054;44,82;38,419998;182,509995;431,820007;44,119999
13/5/2020;2820;76,912498;2367,919922;205,100006;1348,329956;43,939999;36,990002;179,75;438,269989;41,93,
14/5/2020;2852,5;77,385002;2388,850098;206,809998;1356,859985;43,700001;37,810001;180,529999;441,950012;42,299999
15/5/2020;2863,699951;76,927498;2409,780029;210,880005;1373,060059;43,259998;37,290001;183,160004;454,190002;42,
18/5/2020;2953,909912;78,739998;2426,26001;213,190002;1385,180054;44,970001;40,279999;184,910004;452,579987;45,34
19/5/2020;2922,939941;78,285004;2449,330078;216,880005;1374,400024;44,540001;39,330002;183,630005;451,040009;43,939999
20/5/2020;2971,610107;79,807503;2497,939941;229,970001;1409,160034;45,889999;41,060001;185,660004;447,670013;45,369999
21/5/2020;2948,51001;79,212502;2446,73999;231,389999;1406,75;45,169998;40,299999;183,429993;436,25;44,560001
22/5/2020;2955,449951;79,722504;2436,879883;234,910004;1413,23999;45,029999;40,130001;183,509995;429,320007;44,599998
26/5/2020;2991,77002;79,182503;2421,860107;232,199997;1421,369995;46,09;43,689999;181,570007;414,769989;45,91
27/5/2020;3036,129883;79,527496;2410,389893;229,139999;1420,280029;46,73;46,860001;181,809998;419,890015;46,240002
28/5/2020;3029,72998;79,5625;2401,100098;225,460007;1418,23999;47,09;44,400002;181,399994;413,440002;45,40001
29/5/2020;3044,310059;79,485001;2442,370117;225,089996;1433,52002;46,68;44,200001;183,25;419,730011;45,470001
1/6/2020;3055,72998;80,462502;2471,040039;231,910004;1434,869995;46,990002;44,700001;182,830002;425,920013;46,279999
2/6/2020;3080,820068;80,834999;2472,409912;232,720001;1442,310059;46,900002;45,580002;184,910004;427,309998;47,310001
3/6/2020;3122,870117;81,279999;2478,399902;230,160004;1439,25;47,900002;46,91;185,360001;421,970001;49,240002
4/6/2020;3112,350098;80,580002;2460,600098;226,289993;1414,300049;47,919998;48,689999;182,919998;414,329987;49,99998
5/6/2020;3193,929932;82,875;2483;230,770004;1440,02002;49,09;49,529999;187,199997;419,600006;53,80002,
8/6/2020;3232,389893;83,364998;2524,060059;231,399994;1448,040039;49,849998;50,150002;188,360001;419,48999;54,740002
9/6/2020;3207,179932;85,997498;2600,860107;238,669998;1452,079956;49;50,400002;189,800003;434,049988;53,52,
10/6/2020;3190,139893;88,209999;2647,449951;236,729996;1464,699951;48,619999;48,689999;196,839996;434,480011;50,650002
11/6/2020;3002,100098;83,974998;2557,959961;224,429993;1401,900024;45,540001;44,57;186,270004;425,559998;46,18
12/6/2020;3041,310059;84,699997;2545,02002;228,580002;1412,920044;45,599998;46,279999;187,740005;418,070007;47,169998
15/6/2020;3066,590088;85,747498;2572,679932;232,5;1420,73999;46,299999;47,400002;188,940002;425,5;47,139999
16/6/2020;3124,73999;88,019997;2615,27002;235,649994;1446,469971;46,77;48,560001;193,570007;436,130005;48,200001
17/6/2020;3113,48999;87,897499;2640,97998;235,529999;1452,540039;46,580002;47,759998;194,240005;447,769989;46,630001
18/6/2020;3115,340088;87,932503;2653,97998;235,940002;1434,119995;46,990002;47,580002;196,320007;449,869995;46,919998
19/6/2020;3097,73999;87,43;2675,01001;238,789993;1424,640015;46,02;46,93;195,149994;453,720001;45,98
22/6/2020;3117,860107;89,717499;2713,820068;239,220001;1450,660034;45,740002;47,380001;200,570007;468,040009;46,419998
23/6/2020;3131,290039;91,6325;2764,409912;242,240005;1463,97998;45,639999;47,889999;201,910004;466,26001;46,700001
24/6/2020;3050,330078;90,014999;2734,399902;234,020004;1432,699951;44,650002;46,950001;197,839996;457,850006;44,5
25/6/2020;3083,76001;91,209999;2754,580078;235,679993;1441,099976;44,93;48,790001;200,339996;465,910004;45,169998
26/6/2020;3009,050049;88,407501;2692,870117;216,080002;1362,540039;43,57;47,049999;196,330002;443,399994;43,619999
29/6/2020;3053,23999;90,445;2680,379883;220,639999;1397,170044;44,360001;47,240002;198,440002;447,23999;44,32
30/6/2020;3100,290039;91,199997;2758,820068;227,070007;1418,050049;44,68;48,299999;203,509995;455,040009;44,720001
1/7/2020;3115,860107;91,027496;2878,699951;237,550003;1442;44,82;47,610001;204,699997;485,640015;43,709999,
2/7/2020;3130,01001;91,027496;2890,300049;233,419998;1469,930054;44,880001;47,790001;206,259995;476,890015;44,80002
6/7/2020;3179,719971;93,462502;3057,040039;240,279999;1499,650024;45,23;48,82;210,699997;493,809998;44,389999
7/7/2020;3145,320068;93,172501;3000,120117;240,860001;1489,920044;45,209999;47,490002;208,25;493,160004;43,240002
8/7/2020;3169,939941;95,342499;3081,110107;243,580002;1503,599976;45,07;48,91;212,830002;502,779999;43,139999
9/7/2020;3152,050049;95,752502;3182,629883;244,5;1518,660034;43,91;47,509998;214,320007;507,76001;41,360001
10/7/2020;3185,040039;95,919998;3200;245,070007;1539,01001;45,150002;49,799999;213,669998;548,72998;42,650002,
13/7/2020;3155,219971;95,477501;3104;239;1512,22998;45,25;50,220001;207,070007;525,5;42,66,,
14/7/2020;3197,52002;97,057503;3084;239,729996;1520,859985;45,869999;50,5;208,350006;524,880005;44,7,
15/7/2020;3226,560059;97,724998;3008,870117;240,279999;1516,880005;46,400002;51,349998;208,039993;523,26001;44,630001
16/7/2020;3215,570068;96,522499;2999,899902;240,929993;1514,920044;46,150002;52,639999;203,919998;527,390015;44,279999
17/7/2020;3224,72998;96,327499;2961,969971;242,029999;1516,849976;46,82;52,41;202,880005;492,98999;43,52
20/7/2020;3251,840088;98,357498;3196,840088;245,419998;1563,839966;46,119999;51,860001;211,600006;502,410004;42,5
21/7/2020;3257,300049;97;3138,290039;241,75;1555,920044;47,200001;52,380001;208,75;490,100006;44,650002,
22/7/2020;3276,02002;97,272499;3099,909912;239,869995;1564,849976;48,48;51;211,75;489,820007;43,610001,
23/7/2020;3235,659912;92,845001;2986,550049;232,600006;1516,75;48,279999;50,560001;202,539993;477,579987;43,700001
24/7/2020;3215,629883;92,614998;3008,909912;230,710007;1508,209961;48,490002;50,18;201,300003;480,450012;43,43
27/7/2020;3239,409912;94,809998;3055,209961;233,5;1529,430054;48,48;51,32;203,850006;495,649994;44,7
28/7/2020;3218,439941;93,252502;3000,330078;230,119995;1503,650024;48,18;50,259998;202,020004;488,51001;43,549999
29/7/2020;3258,439941;95,040001;3033,530029;233,289993;1523,51001;48,02;50,59;204,059998;484,480011;44,29999
30/7/2020;3246,219971;96,190002;3051,879883;234,5;1538,369995;47,689999;48,950001;203,899994;485,799988;41,869999
31/7/2020;3271,120117;106,260002;3164,679932;253,669998;1487,949951;47,240002;48,880001;205,009995;488,880005;42,80002
3/8/2020;3294,610107;108,9375;3111,889893;251,960007;1482,76001;46,299999;49,459999;216,539993;498,619995;42,25
4/8/2020;3306,51001;109,665001;3138,830078;249,830002;1473,300049;46,689999;49,259998;213,289993;509,640015;43,470001
5/8/2020;3327,77002;110,0625;3205,030029;249,119995;1479,089966;47,220001;49,77;212,940002;502,109985;43,849998
6/8/2020;3349,159912;113,902496;3225;265,279999;1504,949951;47,48;49,450001;216,350006;509,079987;43,639999,
7/8/2020;3351,280029;111,112503;3167,459961;268,440002;1498,369995;47,799999;50,349998;212,479996;494,730011;43,439999
10/8/2020;3360,469971;112,727501;3148,159912;263;1496,819946;47,720001;50,580002;208,25;483,380005;44,509998,
11/8/2020;3333,689941;109,375;3080,669922;256,130005;1480,540039;47,93;51,779999;203,380005;466,929993;44,970001
12/8/2020;3380,350098;113,010002;3162,23999;259,890015;1507,23999;48,43;52,380001;209,190002;475,470001;44,9
13/8/2020;3373,429932;115,010002;3161,02002;261,299988;1516,650024;48,380001;52,18;208,699997;481,329987;43,9998
14/8/2020;3372,850098;114,907501;3148,02002;261,23999;1504,630005;48,450001;52,299999;208,899994;482,679993;43,200001
17/8/2020;3381,98999;114,607498;3182,409912;261,160004;1516,23999;48,209999;51,279999;210,279999;482,350006;42,639999
18/8/2020;3389,780029;115,5625;3312,48999;262,339996;1555,780029;48,419998;50,919998;211,490005;491,869995;42,43
19/8/2020;3374,850098;115,707497;3260,47998;262,589996;1544,609985;47,369999;51,369999;209,699997;484,529999;41,959999
20/8/2020;3385,51001;118,275002;3297,370117;269,01001;1576,25;47,349998;50,799999;214,580002;497,899994;41,32
21/8/2020;3397,159912;124,370003;3284,719971;267,01001;1575,569946;47,279999;51,099998;213,020004;492,309998;41,9998
24/8/2020;3431,280029;125,857498;3307,459961;271,390015;1585,150024;47,970001;52,369999;213,690002;488,809998;42,220001
25/8/2020;3443,620117;124,824997;3346,48999;280,820007;1605,849976;47,91;52,049999;216,470001;490,579987;40,880001
26/8/2020;3478,72998;126,522499;3441,850098;303,910004;1644,130005;48,16;51,709999;221,149994;547,530029;40,9998
27/8/2020;3484,550049;125,010002;3400;293,220001;1628,52002;48,23;52,610001;226,580002;526,27002;39,740002,
28/8/2020;3508,01001;124,807503;3401,800049;293,660004;1639,430054;49,830002;52,889999;228,910004;523,890015;40,689999
31/8/2020;3500,310059;129,039993;3450,959961;293,200012;1629,530029;49,529999;52,259998;225,529999;529,559998;39,939999
1/9/2020;3526,649902;134,179993;3499,120117;295,440002;1655,079956;49,119999;52,580002;227,270004;556,549988;39,43
2/9/2020;3580,840088;131,399994;3531,449951;302,5;1717,390015;51,189999;53,25;231,649994;552,840027;39,189999
3/9/2020;3455,060059;120,879997;3368;291,119995;1629,51001;50,48;52,75;217,300003;525,75;39,110001,
4/9/2020;3426,959961;120,959999;3294,620117;282,730011;1581,209961;51,040001;52,709999;214,25;516,049988;39,80002
8/9/2020;3331,840088;112,82;3149,840088;271,160004;1523,599976;49,810001;50,169998;202,660004;507,019989;38,18
9/9/2020;3398,959961;117,32;3268,610107;273,720001;1547,22998;50,189999;51,060001;211,289993;500,190002;37,950001
10/9/2020;3339,189941;113,489998;3175,110107;268,089996;1526,050049;50;50,290001;205,369995;480,670013;37,,
11/9/2020;3340,969971;112;3116,219971;266,609985;1515,76001;51,060001;50,349998;204,029999;482,029999;36,900002,
14/9/2020;3383,540039;115,360001;3102,969971;266,149994;1508,829956;50,709999;51,150002;205,410004;476,26001;36,66
15/9/2020;3401,199951;115,540001;3156,129883;272,420013;1535,119995;51,049999;50,389999;208,779999;495,98999;36,27
16/9/2020;3385,48999;112,129997;3078,100098;263,519989;1512,089966;50,790001;51,150002;205,050003;483,859985;37,810001
17/9/2020;3357,01001;110,339996;3008,72998;254,820007;1487,040039;50,549999;50,25;202,910004;470,200012;37,799999
18/9/2020;3319,469971;106,839996;2954,909912;252,529999;1451,089966;50,450001;50,080002;200,389999;469,959991;37,189999
21/9/2020;3281,060059;110,080002;2960,469971;248,149994;1430,140015;49,09;48,360001;202,539993;487,350006;36,43
22/9/2020;3315,570068;111,809998;3128,98999;254,75;1459,819946;49,66;47,630001;207,419998;491,170013;35,529999
23/9/2020;3236,919922;107,120003;2999,860107;249,020004;1409,390015;48,209999;46,419998;200,589996;470,609985;34,389999
24/9/2020;3246,590088;108,220001;3019,790039;249,529999;1422,859985;48,700001;46,610001;203,190002;473,079987;34,32
25/9/2020;3298,459961;112,279999;3095,129883;254,820007;1439,060059;48,720001;47,040001;207,820007;482,880005;34,639999
28/9/2020;3351,600098;114,959999;3174,050049;256,820007;1458,660034;49,279999;48,380001;209,440002;490,649994;35,310001
29/9/2020;3335,469971;114,089996;3144,879883;261,790009;1466,02002;48,919998;47,240002;207,259995;493,480011;34,279999
30/9/2020;3363;115,809998;3148,72998;261,899994;1465,599976;49,369999;48,349998;210,330002;500,029999;34,330002,
1/10/2020;3380,800049;116,790001;3221,26001;266,630005;1487,900024;49,18;47,259998;212,460007;527,51001;33,130001
2/10/2020;3348,419922;113,019997;3125;259,940002;1455,599976;49,360001;47,970001;206,190002;503,059998;32,98,
5/10/2020;3408,600098;116,5;3199,199951;264,649994;1482,829956;49,380001;48,599998;210,380005;520,650024;33,740002
6/10/2020;3360,969971;113,160004;3099,959961;258,660004;1451,02002;48,939999;47,740002;205,910004;505,869995;33,389999
7/10/2020;3419,439941;115,080002;3195,689941;258,119995;1459,140015;49,560001;48,709999;209,830002;534,659973;33,5
8/10/2020;3446,830078;114,970001;3190,550049;263,76001;1483,430054;50,459999;49;210,580002;531,789978;35,259998,
9/10/2020;3477,139893;116,970001;3286,649902;264,450012;1510,449951;50,810001;48,830002;215,809998;539,440002;34,740002
12/10/2020;3534,219971;124,400002;3442,929932;275,75;1564,589966;51,09;50,740002;221,399994;539,809998;34,630001
13/10/2020;3511,929932;121,099998;3443,629883;276,140015;1567,069946;50,220001;50,439999;222,860001;554,090027;34,220001
14/10/2020;3488,669922;121,190002;3363,709961;271,820007;1563,439941;50,119999;50,650002;220,860001;541,450012;34,150002
15/10/2020;3483,340088;120,709999;3338,649902;266,720001;1555,469971;49,990002;51,330002;219,660004;541,940002;34,450001
16/10/2020;3483,810059;119,019997;3272,709961;265,929993;1567,699951;50,029999;51,849998;219,660004;530,789978;34,99998
19/10/2020;3426,919922;115,980003;3207,209961;261,399994;1529,949951;49,619999;50,950001;214,220001;530,719971;33,419998
20/10/2020;3443,120117;117,510002;3217,01001;267,559998;1551,079956;50,25;51,470001;214,649994;525,419983;33,700001
21/10/2020;3435,560059;116,870003;3184,939941;278,730011;1585,98999;49,990002;50,380001;214,800003;489,049988;33,16
22/10/2020;3453,48999;115,75;3176,399902;278,119995;1606,660034;50,68;51,77;214,889999;485,230011;34,860001
23/10/2020;3465,389893;115,040001;3204,399902;284,790009;1632,97998;50,52;51,869999;216,229996;488,279999;34,16
26/10/2020;3400,969971;115,050003;3207,040039;277,109985;1584,290039;49,799999;50,32;210,080002;488,23999;33,349998
27/10/2020;3390,679932;116,599998;3286,330078;283,290009;1598,880005;49,900002;48,59;213,25;488,929993;32,82
28/10/2020;3271,030029;111,199997;3162,780029;267,670013;1510,800049;47,959999;47,57;202,679993;486,23999;31,57
29/10/2020;3310,110107;115,32;3211,01001;280,829987;1556,880005;48,02;48,119999;204,720001;504,209991;32,970001
30/10/2020;3269,959961;108,860001;3036,149902;263,109985;1616,109985;48,060001;48,150002;202,470001;475,73999;32,619999
2/11/2020;3310,23999;108,769997;3004,47998;261,359985;1624,319946;48,619999;49,380001;202,330002;484,119995;33,990002
3/11/2020;3369,159912;110,440002;3048,409912;265,299988;1645,660034;49,349998;51,18;206,429993;487,220001;33,41
4/11/2020;3443,439941;114,949997;3241,159912;287,380005;1745,849976;49,169998;51,43;216,389999;496,950012;33,23
5/11/2020;3510,449951;119,029999;3322;294,679993;1762,5;49,439999;52,200001;223,289993;513,76001;33,169998,
6/11/2020;3509,439941;118,690002;3311,370117;293,410004;1759,72998;49,450001;51,700001;223,720001;514,72998;32,779999
